<?xml version="1.0" encoding="UTF-8"?>
<LightningComponentBundle xmlns="http://soap.sforce.com/2006/04/metadata">
    <apiVersion>63.0</apiVersion>
    <isExposed>true</isExposed>
    <targets>
        <target>lightning__AppPage</target>
        <target>lightning__Tab </target>
        <target>lightning__RecordPage</target>
    </targets>
    <targetConfigs>
        <targetConfig targets="lightning__RecordPage">
            <supportedFormFactors>
                <supportedFormFactor type="Small"/>
                <supportedFormFactor type="Large"/>
            </supportedFormFactors>
        </targetConfig>
    </targetConfigs>
</LightningComponentBundle>