<?xml version="1.0"?>
<LightningComponentBundle xmlns="http://soap.sforce.com/2006/04/metadata">
	<apiVersion>62.0</apiVersion>
	<isExposed>true</isExposed>
	<targets>
		<target>lightning__AppPage</target>
		<target>lightning__HomePage</target>
		<target>lightning__RecordPage</target>
		<target>lightning__RecordAction</target>
	</targets>
	 <targetConfigs>
        <targetConfig targets="lightning__RecordPage">
            <objects>
                <object>Listing__c</object>
            </objects>
        </targetConfig>
    </targetConfigs>
</LightningComponentBundle>